{
    "gridX": [ 100, 105, 110, 115, 120, 125, 130, 135, 140, 145, 150, 151, 155, 160, 162, 164.44999999999993, 165, 170, 171, 175, 177.44999999999993, 180, 185, 190, 195, 196, 200, 205, 209, 210, 215, 220, 225, 230, 235, 240, 245, 250, 255, 260, 265 ],
    "gridY": [ 30, 35, 40, 45, 50, 55, 60, 65, 70, 75, 80, 84, 85, 90, 95, 100, 105.34, 110, 115, 116, 116.73999999999998, 120, 125, 126.66, 127.39999999999998, 130, 135, 138.05999999999997, 140, 145, 150, 152, 155, 160, 165, 170, 175, 180, 185, 190, 195, 200, 205, 210 ],
    "elemRects": [ [ 196, 105.34, 213, 126.66 ], [ 150, 148, 161, 156 ], [ 151, 82, 171, 86 ], [ 164.44999999999993, 116.73999999999998, 181.44999999999993, 138.05999999999997 ] ],
    "startPinCoords": [ 209, 126.66 ],
    "goalPinCoords": [ 162, 152 ],
    "path": [ 1285, 1286, 1287, 1288, 1289, 1290, 1291, 1292, 1293, 1294, 1295, 1296, 1297, 1298, 1299, 1258, 1217, 1176, 1135, 1094, 1053, 1012, 971 ]
}